id,name,city,type,result
"red","Red bullseye","York","standard","PASS"
"red-bob","Red bobber","York","standard","PASS"
"red-sway","Red swinger","York","standard","PASS"
"trick-bell","Dinner Bell","York","special","PASS"
"trick-crate","Apple Crate","York","special","PASS"
"trick-line","Washing Line","York","special","PASS"
"green","Emerald bullseye","Durham","standard","PASS"
"green-orbit","Emerald orbit","Durham","standard","PASS"
"trick-chimes","Choir Chimes","Durham","special","PASS"
"trick-glass","Stained-glass Wheel","Durham","special","PASS"
"trick-incense","Incense Pot","Durham","special","PASS"
"barrel","Pocket powder barrel","Newcastle","explodingBarrel","PASS"
"barrel-medium","Powder keg","Newcastle","explodingBarrel","PASS"
"trick-hopper","Coal Hopper","Newcastle","special","PASS"
"trick-chain","Chain Links","Newcastle","special","PASS"
"trick-vent","Furnace Vent","Newcastle","special","PASS"
"trick-scales","Market Scales","Chester","special","PASS"
"trick-clubs","Juggling Clubs","Chester","special","PASS"
"trick-cheese","Tumbling Cheese Wheel","Chester","special","PASS"
"shield","Dockside shield","Hull","woodenShield","PASS"
"shield-sway","Swinging shield","Hull","woodenShield","PASS"
"trick-net","Fishing Net","Hull","special","PASS"
"trick-wheel","Ship’s Wheel","Hull","special","PASS"
"trick-buoys","Buoy Line","Hull","special","PASS"
"high","Cathedral spire","Lincoln","standard","PASS"
"high-bob","Rising spire","Lincoln","standard","PASS"
"trick-cock","Weathercock","Lincoln","special","PASS"
"trick-pulley","Bell-rope Pulley","Lincoln","special","PASS"
"trick-gargoyle","Stone Gargoyle","Lincoln","special","PASS"
"monk","Rising halo","Canterbury","standard","PASS"
"halo-orbit","Orbiting halo","Canterbury","standard","PASS"
"trick-staff","Pilgrim’s Staff","Canterbury","special","PASS"
"trick-bowl","Offering Bowl","Canterbury","special","PASS"
"trick-book","Illuminated Book","Canterbury","special","PASS"
"royal","Royal visitor","London","royal","PASS"
"royal-courier","Royal courier","London","royal","PASS"
"trick-press","Royal Mint Press","London","special","PASS"
"trick-crowns","Crown Stack","London","special","PASS"
"trick-seal","Royal Seal","London","special","PASS"
"barrel-drift","Rocking smuggler keg","Dover","explodingBarrel","PASS"
"barrel-siege","Harbour powder store","Dover","explodingBarrel","PASS"
"trick-mirror","Signal Mirror","Dover","special","PASS"
"trick-chest","Smuggler’s Chest","Dover","special","PASS"
"trick-spring","Cliff Springboard","Dover","special","PASS"
"nimble","Quickstep bullseye","Norwich","standard","PASS"
"sway","Whirling bullseye","Norwich","standard","PASS"
"trick-shuttle","Loom Shuttle","Norwich","special","PASS"
"trick-spool","Silk Spool","Norwich","special","PASS"
"trick-mustard","Mustard Pot","Norwich","special","PASS"
"needle","Needle-eye bullseye","Winchester","standard","PASS"
"trick-lance","Tournament Lance","Winchester","special","PASS"
"trick-shield","Tilting Shield","Winchester","special","PASS"
"trick-dummy","Practice Dummy","Winchester","special","PASS"
"barrel-large","Siege powder barrel","Colchester","explodingBarrel","PASS"
"barrel-bob","Bobbing powder barrel","Colchester","explodingBarrel","PASS"
"trick-coin","Roman Coin Disc","Colchester","special","PASS"
"trick-pots","Amphora Stack","Colchester","special","PASS"
"trick-sling","Siege Sling","Colchester","special","PASS"
"trick-papers","Exam Papers","Oxford","special","PASS"
"trick-pendulum","Scholar’s Pendulum","Oxford","special","PASS"
"trick-flask","Alchemist’s Flask","Oxford","special","PASS"
"trick-crane","Cargo Crane","Southampton","special","PASS"
"trick-compass","Captain’s Compass","Southampton","special","PASS"
"trick-sail","Sailcloth Catcher","Southampton","special","PASS"
"sky-orbit","Royal sky dancer","Gloucester","standard","PASS"
"trick-bumper","Sky Pinball Bumper","Gloucester","special","PASS"
"trick-balloon","Floating Treasure Balloon","Gloucester","special","PASS"
"trick-jackpot","Jester’s Jackpot","Gloucester","special","PASS"
"basket","Market basket","Chester","basket","PASS"
"basket-runner","Running basket","Chester","basket","PASS"
"basket-three","Scholar basket","Oxford","basket","PASS"
"basket-four","Exam basket","Oxford","basket","PASS"
"basket-wide","Cargo basket","Southampton","basket","PASS"
"basket-captain","Captain’s basket","Southampton","basket","PASS"
"bird-crow","bird-crow","All cities","bird","PASS"
"bird-dove","bird-dove","All cities","bird","PASS"
"bird-swallow","bird-swallow","All cities","bird","PASS"
"bird-magpie","bird-magpie","All cities","bird","PASS"
"bird-owl","bird-owl","All cities","bird","PASS"
"bird-phoenix","bird-phoenix","All cities","bird","PASS"
"sky-ufo","sky-ufo","All cities","sky craft","PASS"
"sky-balloon","sky-balloon","All cities","sky craft","PASS"
"rings","The ring troupe","Winchester","event","PASS"
"island","Floating fairways","Gloucester","event","PASS"
